{
  "train_loss": [
    2.1232813802785055,
    2.022057843116731,
    1.9361379103837641,
    1.8778434051594264,
    1.8340005314456973,
    1.7831728031021685,
    1.7364903613638787,
    1.6712176314389355,
    1.6188992779325126,
    1.5824320618535432,
    1.5264441887639397,
    1.5393116489415284,
    1.51677576390485,
    1.495315692336245,
    1.485758011686054,
    1.4469474474690789,
    1.433043982170608,
    1.432799362037307,
    1.4194102010256808,
    1.4091345061108032,
    1.3995424066401931,
    1.4065346495748023,
    1.3801403647806214,
    1.3725071083110365,
    1.3593645108036134,
    1.3714373331521752,
    1.3649079145603693,
    1.3321182469094457,
    1.3292986888738967,
    1.3209137515893514,
    1.3255143268618175,
    1.324127905805346,
    1.311378103364903,
    1.3059851210492825,
    1.3043773982497398,
    1.3051683340274112,
    1.2890645066388284,
    1.290277902051215,
    1.282981164705738,
    1.2734219040363912,
    1.26270343506382,
    1.268606873465256,
    1.2668411340969932,
    1.2641185200779141,
    1.2551146874659804,
    1.2484644928448636,
    1.2429238725715959,
    1.2698523850202865,
    1.220126124563962,
    1.2277603269997082,
    1.2301187509916502,
    1.2369909007936983,
    1.224929501244109,
    1.2077156731932783,
    1.2262623086476296,
    1.2064478705695587,
    1.210373786820645,
    1.1865576650665908,
    1.1708127535717436,
    1.1837781805845595,
    1.1797075811177302,
    1.183522903736056,
    1.1721564683963028,
    1.1658965302643183,
    1.1686735739323302,
    1.1804907553174584,
    1.172767678616752,
    1.1568396075434324,
    1.1723565395907158,
    1.1696732454049603,
    1.1187109522111285,
    1.1448017606051417,
    1.120724358876139,
    1.1283692909111287,
    1.125882276194349,
    1.1474918236195202,
    1.1214094130696775,
    1.1369283868622384,
    1.1047119592124461,
    1.0891024938924059,
    1.1094875834052298,
    1.0982208125264636,
    1.1047812444605076,
    1.1075471052744934,
    1.08683582075732,
    1.0658819995219515,
    1.1075637200119859,
    1.0737468976522682,
    1.0709034388410297,
    1.078647418837236,
    1.0774814330050948,
    1.0639419844910674,
    1.065384354771481,
    1.0657800029243,
    1.0699310685089394,
    1.0765413177913954,
    1.0694052586940126,
    1.0690878761715223,
    1.0755538843505361,
    1.0593624661429744
  ],
  "train_acc": [
    20.918693982074263,
    27.244718309859156,
    31.390044814340587,
    34.50504161331626,
    36.89180537772087,
    39.348591549295776,
    42.06145966709347,
    44.940380921895006,
    46.64492637644046,
    49.59387003841229,
    52.31474071702945,
    51.11435659411011,
    52.62684058898848,
    52.75688220230474,
    52.42477592829705,
    55.32370358514725,
    55.78185019206146,
    54.62548015364917,
    57.11827784891165,
    56.7901728553137,
    57.88852432778489,
    55.66381241997439,
    57.18229833546735,
    57.47239116517286,
    58.206626120358514,
    57.710467349551855,
    58.43269846350832,
    59.903169014084504,
    60.62139884763124,
    59.14492637644046,
    59.87315941101152,
    59.32898527528809,
    59.905169654289374,
    60.09122919334187,
    61.11955825864277,
    60.31730153649168,
    61.745758642765686,
    61.92981754161332,
    62.04385403329065,
    62.13588348271447,
    63.2722471190781,
    62.72207106274008,
    62.22391165172856,
    62.06986235595391,
    62.83410691421255,
    64.0444942381562,
    62.66405249679897,
    62.99815941101152,
    65.12083866837388,
    63.056177976952625,
    65.10483354673495,
    63.45030409731114,
    64.54265364916773,
    64.34058898847631,
    62.510003201024325,
    65.51696542893725,
    64.62267925736235,
    65.44894366197182,
    68.2098271446863,
    66.56530089628681,
    66.2932138284251,
    65.2068661971831,
    66.949423815621,
    67.21350832266326,
    66.71134763124199,
    66.37123879641486,
    66.68333866837388,
    68.55993918053777,
    68.04177336747759,
    64.63868437900128,
    68.15380921895006,
    67.70566581306018,
    69.0580985915493,
    69.51624519846351,
    69.09010883482715,
    68.407890524968,
    67.9777528809219,
    68.44590268886043,
    69.9523847631242,
    68.84002880921895,
    70.51456466069142,
    70.84066901408451,
    68.93205825864277,
    70.3185019206146,
    69.54625480153649,
    71.55689820742637,
    68.16981434058899,
    71.69694302176697,
    71.99103713188221,
    70.58858834827144,
    71.20278489116517,
    72.49119718309859,
    70.69862355953906,
    70.78865236875801,
    68.64396606914212,
    71.33282650448143,
    70.8006562099872,
    71.11075544174136,
    70.43053777208706,
    70.17645646606914
  ],
  "val_loss": [
    2.30238267288208,
    2.302544537734985,
    2.304342227935791,
    2.306814426422119,
    2.3092435501098634,
    2.3069579582214357,
    2.308394500350952,
    2.3103003326416016,
    2.3138317485809328,
    2.3111962272644044,
    2.3130060283660887,
    2.3129088180541992,
    2.3274648864746093,
    2.3295213970184325,
    2.3300175689697267,
    2.3416753547668456,
    2.3380257930755617,
    2.344424249267578,
    2.3695463356018065,
    2.3635740058898924,
    2.3906630542755125,
    2.334566025543213,
    2.344920681381226,
    2.3898858512878416,
    2.2958795475006104,
    2.236526380157471,
    2.243189532089233,
    2.2621380195617675,
    2.0884535804748534,
    NaN,
    NaN,
    NaN,
    NaN,
    1.4500881858825683,
    NaN,
    NaN,
    NaN,
    NaN,
    NaN,
    1.300270433807373,
    NaN,
    NaN,
    NaN,
    NaN,
    NaN,
    NaN,
    NaN,
    NaN,
    NaN,
    NaN,
    NaN,
    NaN,
    NaN,
    NaN,
    NaN,
    NaN,
    NaN,
    NaN,
    NaN,
    NaN,
    NaN,
    NaN,
    NaN,
    NaN,
    NaN,
    NaN,
    NaN,
    NaN,
    NaN,
    NaN,
    NaN,
    NaN,
    NaN,
    NaN,
    NaN,
    NaN,
    NaN,
    NaN,
    NaN,
    NaN,
    NaN,
    NaN,
    NaN,
    NaN,
    NaN,
    NaN,
    NaN,
    NaN,
    NaN,
    NaN,
    NaN,
    NaN,
    NaN,
    NaN,
    NaN,
    NaN,
    NaN,
    NaN,
    0.7012014698982239,
    0.6964782335281372
  ],
  "val_acc": [
    10.0,
    10.0,
    10.0,
    10.0,
    10.0,
    10.0,
    10.0,
    10.0,
    10.0,
    10.0,
    10.0,
    10.0,
    10.0,
    10.0,
    10.0,
    10.0,
    10.0,
    10.14,
    10.0,
    10.19,
    14.69,
    11.11,
    15.18,
    14.54,
    18.16,
    22.89,
    22.26,
    15.42,
    29.27,
    36.88,
    44.28,
    52.09,
    55.27,
    60.73,
    64.76,
    65.5,
    67.39,
    65.62,
    75.1,
    68.82,
    70.11,
    69.58,
    70.04,
    74.16,
    68.13,
    65.76,
    60.74,
    52.42,
    44.71,
    61.45,
    58.46,
    63.31,
    60.76,
    60.32,
    65.16,
    58.17,
    56.31,
    51.88,
    58.73,
    51.4,
    50.07,
    37.37,
    46.97,
    38.94,
    38.56,
    46.01,
    41.87,
    49.29,
    48.47,
    45.88,
    40.76,
    32.49,
    39.97,
    45.22,
    53.76,
    57.12,
    60.41,
    62.89,
    59.86,
    61.81,
    61.24,
    65.4,
    70.54,
    73.71,
    77.9,
    77.53,
    79.4,
    82.88,
    85.81,
    87.8,
    88.46,
    89.88,
    90.64,
    91.36,
    91.57,
    92.39,
    92.81,
    93.12,
    93.45,
    93.78
  ],